
--
-- Base de données :  `pointageafpa`
--

--
-- Déchargement des données de la table `formateur`
--

INSERT INTO `formateur` (`idFormateur`, `matricule`, `nom`, `prenom`, `motDePasse`, `role`) VALUES(1, '0803161', 'BAERT', 'STEPHANE', '9a37bc28806cf6983f0d67c99b304835', 1);
INSERT INTO `formateur` (`idFormateur`, `matricule`, `nom`, `prenom`, `motDePasse`, `role`) VALUES(2, '02BX015', 'BALLET', 'STEPHANE', 'b4280d0788d93e9afcafa4ba4d91b508', 1);
INSERT INTO `formateur` (`idFormateur`, `matricule`, `nom`, `prenom`, `motDePasse`, `role`) VALUES(3, '1900858', 'BARBIER', 'STELLA', '90e1c64024726e62cadc387eae23e323', 1);
INSERT INTO `formateur` (`idFormateur`, `matricule`, `nom`, `prenom`, `motDePasse`, `role`) VALUES(4, '1000435', 'BATSIK', 'JEAN-PAUL', '33f0914766dee281786a3f5d76681ba8', 1);
INSERT INTO `formateur` (`idFormateur`, `matricule`, `nom`, `prenom`, `motDePasse`, `role`) VALUES(5, '1903375', 'BOUTEILLER', 'EMMANUEL', '50c479aae615d88286f8f39643952eed', 1);
INSERT INTO `formateur` (`idFormateur`, `matricule`, `nom`, `prenom`, `motDePasse`, `role`) VALUES(6, '0503241', 'BUTTERDROGHE', 'HERVE', 'aa5cc2697961791b176bf7e0ebb78c39', 1);
INSERT INTO `formateur` (`idFormateur`, `matricule`, `nom`, `prenom`, `motDePasse`, `role`) VALUES(7, '0700665', 'DEGROOTE', 'ELODIE', '50321f0ce059958201669d0b4f9a8d4e', 1);
INSERT INTO `formateur` (`idFormateur`, `matricule`, `nom`, `prenom`, `motDePasse`, `role`) VALUES(8, '99AY013', 'DELESCLUSE', 'FREDERIC', '149f18a1bc6a982d81d6e289a18630c6', 2);
INSERT INTO `formateur` (`idFormateur`, `matricule`, `nom`, `prenom`, `motDePasse`, `role`) VALUES(9, '00CN003', 'DELNATTE', 'LAURENT', 'b5330cc5a91f87b9348f0c15527b777b', 1);
INSERT INTO `formateur` (`idFormateur`, `matricule`, `nom`, `prenom`, `motDePasse`, `role`) VALUES(10, '1301971', 'DEREBREU', 'AMELIE', 'ca1fa5a2a24f52cc01ab7800b3ea7fa3', 1);
INSERT INTO `formateur` (`idFormateur`, `matricule`, `nom`, `prenom`, `motDePasse`, `role`) VALUES(11, '1800315', 'DEWET', 'VIRGINIE', '2ab112884408f9a21637fd30d6433e8f', 1);
INSERT INTO `formateur` (`idFormateur`, `matricule`, `nom`, `prenom`, `motDePasse`, `role`) VALUES(12, '0502772', 'DISTANTI', 'ANNE', '75260c375b11b57645ce2c50c90a03bb', 2);
INSERT INTO `formateur` (`idFormateur`, `matricule`, `nom`, `prenom`, `motDePasse`, `role`) VALUES(13, '1900865', 'DUBOIS', 'THOMAS', '6eae1436b87815bc72d92316cc8cdcfa', 1);
INSERT INTO `formateur` (`idFormateur`, `matricule`, `nom`, `prenom`, `motDePasse`, `role`) VALUES(14, '98CD008', 'DUCHESNE', 'OLIVIER', '57028232d6e80c1da4f6c8b10184f7c4', 1);
INSERT INTO `formateur` (`idFormateur`, `matricule`, `nom`, `prenom`, `motDePasse`, `role`) VALUES(15, '95BX011', 'FERAND', 'FRANCK', '6f5e809627142125ebfda5ded738e37b', 1);
INSERT INTO `formateur` (`idFormateur`, `matricule`, `nom`, `prenom`, `motDePasse`, `role`) VALUES(16, '1700978', 'FICQUET', 'CHRISTOPHE', '33cf0ee4a1c62f45f84e27727fe7caa9', 1);
INSERT INTO `formateur` (`idFormateur`, `matricule`, `nom`, `prenom`, `motDePasse`, `role`) VALUES(17, '0603230', 'FONTOWICZ', 'FREDERIC', 'bac9064fff6d89918bf360b937d5a82c', 1);
INSERT INTO `formateur` (`idFormateur`, `matricule`, `nom`, `prenom`, `motDePasse`, `role`) VALUES(18, '1802963', 'FOURNET', 'HELENE', '14277f05cdc2acbd418264cf9df103e6', 1);
INSERT INTO `formateur` (`idFormateur`, `matricule`, `nom`, `prenom`, `motDePasse`, `role`) VALUES(19, '0902067', 'GHARBI', 'KARIM', '5c8efc1e3ffcfec12290baf4a458a206', 1);
INSERT INTO `formateur` (`idFormateur`, `matricule`, `nom`, `prenom`, `motDePasse`, `role`) VALUES(20, '94A0021', 'HAVARD', 'FRANCIS', 'a6eea5f1a60b1059f31319aa1020a2e5', 1);
INSERT INTO `formateur` (`idFormateur`, `matricule`, `nom`, `prenom`, `motDePasse`, `role`) VALUES(21, '0801355', 'KOWALEWSKI', 'CEDRIC', 'e391cfeb55d8366a431e6e4289eaee61', 1);
INSERT INTO `formateur` (`idFormateur`, `matricule`, `nom`, `prenom`, `motDePasse`, `role`) VALUES(22, '1403021', 'KUNZ', 'JEAN-LUC', '3762e2c3dbadf94659d4be1b40b57ea6', 1);
INSERT INTO `formateur` (`idFormateur`, `matricule`, `nom`, `prenom`, `motDePasse`, `role`) VALUES(23, '0600941', 'LAFORCE', 'ALBERT', 'ea4e1268b910cbda31e9c2949d3401dc', 1);
INSERT INTO `formateur` (`idFormateur`, `matricule`, `nom`, `prenom`, `motDePasse`, `role`) VALUES(24, '0700366', 'LOGEZ', 'CAROLE', 'b6194be0ce6133c98ea98cfa6c6d77b5', 1);
INSERT INTO `formateur` (`idFormateur`, `matricule`, `nom`, `prenom`, `motDePasse`, `role`) VALUES(25, '190001', 'MAHIEUX', 'PASCAL', '22be415519dbfc7782fb9494c26e76a8', 1);
INSERT INTO `formateur` (`idFormateur`, `matricule`, `nom`, `prenom`, `motDePasse`, `role`) VALUES(26, '89CN003', 'MARECHAL', 'MARYLINE', '2daaacbf70d802747d01e491e0b5b797', 2);
INSERT INTO `formateur` (`idFormateur`, `matricule`, `nom`, `prenom`, `motDePasse`, `role`) VALUES(27, '1301180', 'MARTEL', 'MICHEL', 'f3326b04a761e8b60559fbab9451e5ae', 1);
INSERT INTO `formateur` (`idFormateur`, `matricule`, `nom`, `prenom`, `motDePasse`, `role`) VALUES(28, '1701467', 'MELSEN', 'MARYLINE', '199b6b97dae155cf530477b4953373a1', 1);
INSERT INTO `formateur` (`idFormateur`, `matricule`, `nom`, `prenom`, `motDePasse`, `role`) VALUES(29, '1701871', 'POIX', 'MARTINE', 'b52fbfc80a2920d525db02450b3efbf1', 1);
INSERT INTO `formateur` (`idFormateur`, `matricule`, `nom`, `prenom`, `motDePasse`, `role`) VALUES(30, '03CF044', 'REYMBAUT', 'MARIE-HELENE', '16e58f21a2da86dc2e160273717e020c', 1);
INSERT INTO `formateur` (`idFormateur`, `matricule`, `nom`, `prenom`, `motDePasse`, `role`) VALUES(31, '91CN005', 'SCHMIDLIN', 'ROSE-MARIE', '4f0e103d047ee0d2d3adf8df1e6e9f57', 2);
INSERT INTO `formateur` (`idFormateur`, `matricule`, `nom`, `prenom`, `motDePasse`, `role`) VALUES(32, '1200591', 'SEURIOT', 'ANDRE', '126344702d65b05e09a969e45009b56e', 1);
INSERT INTO `formateur` (`idFormateur`, `matricule`, `nom`, `prenom`, `motDePasse`, `role`) VALUES(33, '1703666', 'SINNAEVE', 'ARNAUD', '491c046a0fc70f319804ea926ca51746', 1);
INSERT INTO `formateur` (`idFormateur`, `matricule`, `nom`, `prenom`, `motDePasse`, `role`) VALUES(34, '95BX019', 'STERCKEMAN', 'ALBERT', '54161395018507e45c6e71cc9a68bb97', 1);
INSERT INTO `formateur` (`idFormateur`, `matricule`, `nom`, `prenom`, `motDePasse`, `role`) VALUES(35, '01BX008', 'TAILAME', 'PIERRE', '9eeba07c3744e03aff6fbbf9e09a3ae3', 1);
INSERT INTO `formateur` (`idFormateur`, `matricule`, `nom`, `prenom`, `motDePasse`, `role`) VALUES(36, '1103706', 'TRINQUET', 'LUC', 'fb28a62172e0b9e777627c0836e23ced', 1);
INSERT INTO `formateur` (`idFormateur`, `matricule`, `nom`, `prenom`, `motDePasse`, `role`) VALUES(37, '88CN001', 'VASSEUR', 'LEON', '9374908c8df39bc52184503169c1d4c5', 1);
INSERT INTO `formateur` (`idFormateur`, `matricule`, `nom`, `prenom`, `motDePasse`, `role`) VALUES(38, '601295', 'VERRAES', 'DELPHINE', '5ed225cfa6d35f498806a98e31ce7e51', 2);
INSERT INTO `formateur` (`idFormateur`, `matricule`, `nom`, `prenom`, `motDePasse`, `role`) VALUES(39, '1200897', 'VITSE', 'XAVIER', '6e65635318e5d67848caeb643db6736c', 1);
INSERT INTO `formateur` (`idFormateur`, `matricule`, `nom`, `prenom`, `motDePasse`, `role`) VALUES(40, '83CN008', 'WALLOT', 'PASCALE', '7f457efaf2c7a95b048dc66dc75c2ae2', 2);

--
-- Déchargement des données de la table `formation`
--

INSERT INTO `formation` (`idFormation`, `codeFormation`, `libelleFormation`, `idFormateur`) VALUES(1, 'DWWM', 'Developpement Web et Web Mobile', 29);
INSERT INTO `formation` (`idFormation`, `codeFormation`, `libelleFormation`, `idFormateur`) VALUES(2, 'ARH', 'Assistant Ressource Humaine', 5);
INSERT INTO `formation` (`idFormation`, `codeFormation`, `libelleFormation`, `idFormateur`) VALUES(3, 'GCF', 'GESTIONNAIRE COMPTABLE ET FISCAL', 9);
INSERT INTO `formation` (`idFormation`, `codeFormation`, `libelleFormation`, `idFormateur`) VALUES(4, 'TSAII', 'Technicien Supérieur en Automatisme et Informatique Industriel', 37);
INSERT INTO `formation` (`idFormation`, `codeFormation`, `libelleFormation`, `idFormateur`) VALUES(5, 'TSSR', '', 4);
INSERT INTO `formation` (`idFormation`, `codeFormation`, `libelleFormation`, `idFormateur`) VALUES(6, 'TRTE', 'Technicien Réseau et Telecommunication Entreprise', 34);
INSERT INTO `formation` (`idFormation`, `codeFormation`, `libelleFormation`, `idFormateur`) VALUES(7, 'TAI', 'Technicien Assistance Informatique', 13);
INSERT INTO `formation` (`idFormation`, `codeFormation`, `libelleFormation`, `idFormateur`) VALUES(8, 'SOUDEUR', 'Soudeur', 19);
INSERT INTO `formation` (`idFormation`, `codeFormation`, `libelleFormation`, `idFormateur`) VALUES(9, 'EMI', 'Electricien Maintenance Industriel', 22);
INSERT INTO `formation` (`idFormation`, `codeFormation`, `libelleFormation`, `idFormateur`) VALUES(10, 'EIMSA', '', 6);
INSERT INTO `formation` (`idFormation`, `codeFormation`, `libelleFormation`, `idFormateur`) VALUES(11, 'TMI', 'Technicien en Maintenance Industriel', 22);
INSERT INTO `formation` (`idFormation`, `codeFormation`, `libelleFormation`, `idFormateur`) VALUES(12, 'CIMA', '', 16);
INSERT INTO `formation` (`idFormation`, `codeFormation`, `libelleFormation`, `idFormateur`) VALUES(13, 'GDP', 'GESTIONNAIRE DE PAIE', 28);

--
-- Déchargement des données de la table `journee`
--

INSERT INTO `journee` (`idJournee`, `jour`, `demiJournee`, `idSemaine`) VALUES(1, '2020-3-30', 'matin', 1);
INSERT INTO `journee` (`idJournee`, `jour`, `demiJournee`, `idSemaine`) VALUES(2, '2020-3-30', 'après-midi', 1);
INSERT INTO `journee` (`idJournee`, `jour`, `demiJournee`, `idSemaine`) VALUES(3, '2020-3-31', 'matin', 1);
INSERT INTO `journee` (`idJournee`, `jour`, `demiJournee`, `idSemaine`) VALUES(4, '2020-3-31', 'après-midi', 1);
INSERT INTO `journee` (`idJournee`, `jour`, `demiJournee`, `idSemaine`) VALUES(5, '2020-4-1', 'matin', 1);
INSERT INTO `journee` (`idJournee`, `jour`, `demiJournee`, `idSemaine`) VALUES(6, '2020-4-1', 'après-midi', 1);
INSERT INTO `journee` (`idJournee`, `jour`, `demiJournee`, `idSemaine`) VALUES(7, '2020-4-2', 'matin', 1);
INSERT INTO `journee` (`idJournee`, `jour`, `demiJournee`, `idSemaine`) VALUES(8, '2020-4-2', 'après-midi', 1);
INSERT INTO `journee` (`idJournee`, `jour`, `demiJournee`, `idSemaine`) VALUES(9, '2020-4-3', 'matin', 1);
INSERT INTO `journee` (`idJournee`, `jour`, `demiJournee`, `idSemaine`) VALUES(10, '2020-4-6', 'matin', 2);
INSERT INTO `journee` (`idJournee`, `jour`, `demiJournee`, `idSemaine`) VALUES(11, '2020-4-6', 'après-midi', 2);
INSERT INTO `journee` (`idJournee`, `jour`, `demiJournee`, `idSemaine`) VALUES(12, '2020-4-7', 'matin', 2);
INSERT INTO `journee` (`idJournee`, `jour`, `demiJournee`, `idSemaine`) VALUES(13, '2020-4-7', 'après-midi', 2);
INSERT INTO `journee` (`idJournee`, `jour`, `demiJournee`, `idSemaine`) VALUES(14, '2020-4-8', 'matin', 2);
INSERT INTO `journee` (`idJournee`, `jour`, `demiJournee`, `idSemaine`) VALUES(15, '2020-4-8', 'après-midi', 2);
INSERT INTO `journee` (`idJournee`, `jour`, `demiJournee`, `idSemaine`) VALUES(16, '2020-4-9', 'matin', 2);
INSERT INTO `journee` (`idJournee`, `jour`, `demiJournee`, `idSemaine`) VALUES(17, '2020-4-9', 'après-midi', 2);
INSERT INTO `journee` (`idJournee`, `jour`, `demiJournee`, `idSemaine`) VALUES(18, '2020-4-10', 'matin', 2);
INSERT INTO `journee` (`idJournee`, `jour`, `demiJournee`, `idSemaine`) VALUES(19, '2020-4-13', 'matin', 3);
INSERT INTO `journee` (`idJournee`, `jour`, `demiJournee`, `idSemaine`) VALUES(20, '2020-4-13', 'après-midi', 3);
INSERT INTO `journee` (`idJournee`, `jour`, `demiJournee`, `idSemaine`) VALUES(21, '2020-4-14', 'matin', 3);
INSERT INTO `journee` (`idJournee`, `jour`, `demiJournee`, `idSemaine`) VALUES(22, '2020-4-14', 'après-midi', 3);
INSERT INTO `journee` (`idJournee`, `jour`, `demiJournee`, `idSemaine`) VALUES(23, '2020-4-15', 'matin', 3);
INSERT INTO `journee` (`idJournee`, `jour`, `demiJournee`, `idSemaine`) VALUES(24, '2020-4-15', 'après-midi', 3);
INSERT INTO `journee` (`idJournee`, `jour`, `demiJournee`, `idSemaine`) VALUES(25, '2020-4-16', 'matin', 3);
INSERT INTO `journee` (`idJournee`, `jour`, `demiJournee`, `idSemaine`) VALUES(26, '2020-4-16', 'après-midi', 3);
INSERT INTO `journee` (`idJournee`, `jour`, `demiJournee`, `idSemaine`) VALUES(27, '2020-4-17', 'matin', 3);
INSERT INTO `journee` (`idJournee`, `jour`, `demiJournee`, `idSemaine`) VALUES(28, '2020-4-20', 'matin', 4);
INSERT INTO `journee` (`idJournee`, `jour`, `demiJournee`, `idSemaine`) VALUES(29, '2020-4-20', 'après-midi', 4);
INSERT INTO `journee` (`idJournee`, `jour`, `demiJournee`, `idSemaine`) VALUES(30, '2020-4-21', 'matin', 4);
INSERT INTO `journee` (`idJournee`, `jour`, `demiJournee`, `idSemaine`) VALUES(31, '2020-4-21', 'après-midi', 4);
INSERT INTO `journee` (`idJournee`, `jour`, `demiJournee`, `idSemaine`) VALUES(32, '2020-4-22', 'matin', 4);
INSERT INTO `journee` (`idJournee`, `jour`, `demiJournee`, `idSemaine`) VALUES(33, '2020-4-22', 'après-midi', 4);
INSERT INTO `journee` (`idJournee`, `jour`, `demiJournee`, `idSemaine`) VALUES(34, '2020-4-23', 'matin', 4);
INSERT INTO `journee` (`idJournee`, `jour`, `demiJournee`, `idSemaine`) VALUES(35, '2020-4-23', 'après-midi', 4);
INSERT INTO `journee` (`idJournee`, `jour`, `demiJournee`, `idSemaine`) VALUES(36, '2020-4-24', 'matin', 4);
INSERT INTO `journee` (`idJournee`, `jour`, `demiJournee`, `idSemaine`) VALUES(37, '2020-4-27', 'matin', 5);
INSERT INTO `journee` (`idJournee`, `jour`, `demiJournee`, `idSemaine`) VALUES(38, '2020-4-27', 'après-midi', 5);
INSERT INTO `journee` (`idJournee`, `jour`, `demiJournee`, `idSemaine`) VALUES(39, '2020-4-28', 'matin', 5);
INSERT INTO `journee` (`idJournee`, `jour`, `demiJournee`, `idSemaine`) VALUES(40, '2020-4-28', 'après-midi', 5);
INSERT INTO `journee` (`idJournee`, `jour`, `demiJournee`, `idSemaine`) VALUES(41, '2020-4-29', 'matin', 5);
INSERT INTO `journee` (`idJournee`, `jour`, `demiJournee`, `idSemaine`) VALUES(42, '2020-4-29', 'après-midi', 5);
INSERT INTO `journee` (`idJournee`, `jour`, `demiJournee`, `idSemaine`) VALUES(43, '2020-4-30', 'matin', 5);
INSERT INTO `journee` (`idJournee`, `jour`, `demiJournee`, `idSemaine`) VALUES(44, '2020-4-30', 'après-midi', 5);
INSERT INTO `journee` (`idJournee`, `jour`, `demiJournee`, `idSemaine`) VALUES(45, '2020-5-1', 'matin', 5);
INSERT INTO `journee` (`idJournee`, `jour`, `demiJournee`, `idSemaine`) VALUES(46, '2020-5-4', 'matin', 6);
INSERT INTO `journee` (`idJournee`, `jour`, `demiJournee`, `idSemaine`) VALUES(47, '2020-5-4', 'après-midi', 6);
INSERT INTO `journee` (`idJournee`, `jour`, `demiJournee`, `idSemaine`) VALUES(48, '2020-5-5', 'matin', 6);
INSERT INTO `journee` (`idJournee`, `jour`, `demiJournee`, `idSemaine`) VALUES(49, '2020-5-5', 'après-midi', 6);
INSERT INTO `journee` (`idJournee`, `jour`, `demiJournee`, `idSemaine`) VALUES(50, '2020-5-6', 'matin', 6);
INSERT INTO `journee` (`idJournee`, `jour`, `demiJournee`, `idSemaine`) VALUES(51, '2020-5-6', 'après-midi', 6);
INSERT INTO `journee` (`idJournee`, `jour`, `demiJournee`, `idSemaine`) VALUES(52, '2020-5-7', 'matin', 6);
INSERT INTO `journee` (`idJournee`, `jour`, `demiJournee`, `idSemaine`) VALUES(53, '2020-5-7', 'après-midi', 6);
INSERT INTO `journee` (`idJournee`, `jour`, `demiJournee`, `idSemaine`) VALUES(54, '2020-5-8', 'matin', 6);
INSERT INTO `journee` (`idJournee`, `jour`, `demiJournee`, `idSemaine`) VALUES(55, '2020-5-11', 'matin', 7);
INSERT INTO `journee` (`idJournee`, `jour`, `demiJournee`, `idSemaine`) VALUES(56, '2020-5-11', 'après-midi', 7);
INSERT INTO `journee` (`idJournee`, `jour`, `demiJournee`, `idSemaine`) VALUES(57, '2020-5-12', 'matin', 7);
INSERT INTO `journee` (`idJournee`, `jour`, `demiJournee`, `idSemaine`) VALUES(58, '2020-5-12', 'après-midi', 7);
INSERT INTO `journee` (`idJournee`, `jour`, `demiJournee`, `idSemaine`) VALUES(59, '2020-5-13', 'matin', 7);
INSERT INTO `journee` (`idJournee`, `jour`, `demiJournee`, `idSemaine`) VALUES(60, '2020-5-13', 'après-midi', 7);
INSERT INTO `journee` (`idJournee`, `jour`, `demiJournee`, `idSemaine`) VALUES(61, '2020-5-14', 'matin', 7);
INSERT INTO `journee` (`idJournee`, `jour`, `demiJournee`, `idSemaine`) VALUES(62, '2020-5-14', 'après-midi', 7);
INSERT INTO `journee` (`idJournee`, `jour`, `demiJournee`, `idSemaine`) VALUES(63, '2020-5-15', 'matin', 7);
INSERT INTO `journee` (`idJournee`, `jour`, `demiJournee`, `idSemaine`) VALUES(64, '2020-5-18', 'matin', 8);
INSERT INTO `journee` (`idJournee`, `jour`, `demiJournee`, `idSemaine`) VALUES(65, '2020-5-18', 'après-midi', 8);
INSERT INTO `journee` (`idJournee`, `jour`, `demiJournee`, `idSemaine`) VALUES(66, '2020-5-19', 'matin', 8);
INSERT INTO `journee` (`idJournee`, `jour`, `demiJournee`, `idSemaine`) VALUES(67, '2020-5-19', 'après-midi', 8);
INSERT INTO `journee` (`idJournee`, `jour`, `demiJournee`, `idSemaine`) VALUES(68, '2020-5-20', 'matin', 8);
INSERT INTO `journee` (`idJournee`, `jour`, `demiJournee`, `idSemaine`) VALUES(69, '2020-5-20', 'après-midi', 8);
INSERT INTO `journee` (`idJournee`, `jour`, `demiJournee`, `idSemaine`) VALUES(70, '2020-5-21', 'matin', 8);
INSERT INTO `journee` (`idJournee`, `jour`, `demiJournee`, `idSemaine`) VALUES(71, '2020-5-21', 'après-midi', 8);
INSERT INTO `journee` (`idJournee`, `jour`, `demiJournee`, `idSemaine`) VALUES(72, '2020-5-22', 'matin', 8);
INSERT INTO `journee` (`idJournee`, `jour`, `demiJournee`, `idSemaine`) VALUES(73, '2020-5-25', 'matin', 9);
INSERT INTO `journee` (`idJournee`, `jour`, `demiJournee`, `idSemaine`) VALUES(74, '2020-5-25', 'après-midi', 9);
INSERT INTO `journee` (`idJournee`, `jour`, `demiJournee`, `idSemaine`) VALUES(75, '2020-5-26', 'matin', 9);
INSERT INTO `journee` (`idJournee`, `jour`, `demiJournee`, `idSemaine`) VALUES(76, '2020-5-26', 'après-midi', 9);
INSERT INTO `journee` (`idJournee`, `jour`, `demiJournee`, `idSemaine`) VALUES(77, '2020-5-27', 'matin', 9);
INSERT INTO `journee` (`idJournee`, `jour`, `demiJournee`, `idSemaine`) VALUES(78, '2020-5-27', 'après-midi', 9);
INSERT INTO `journee` (`idJournee`, `jour`, `demiJournee`, `idSemaine`) VALUES(79, '2020-5-28', 'matin', 9);
INSERT INTO `journee` (`idJournee`, `jour`, `demiJournee`, `idSemaine`) VALUES(80, '2020-5-28', 'après-midi', 9);
INSERT INTO `journee` (`idJournee`, `jour`, `demiJournee`, `idSemaine`) VALUES(81, '2020-5-29', 'matin', 9);
INSERT INTO `journee` (`idJournee`, `jour`, `demiJournee`, `idSemaine`) VALUES(82, '2020-6-1', 'matin', 10);
INSERT INTO `journee` (`idJournee`, `jour`, `demiJournee`, `idSemaine`) VALUES(83, '2020-6-1', 'après-midi', 10);
INSERT INTO `journee` (`idJournee`, `jour`, `demiJournee`, `idSemaine`) VALUES(84, '2020-6-2', 'matin', 10);
INSERT INTO `journee` (`idJournee`, `jour`, `demiJournee`, `idSemaine`) VALUES(85, '2020-6-2', 'après-midi', 10);
INSERT INTO `journee` (`idJournee`, `jour`, `demiJournee`, `idSemaine`) VALUES(86, '2020-6-3', 'matin', 10);
INSERT INTO `journee` (`idJournee`, `jour`, `demiJournee`, `idSemaine`) VALUES(87, '2020-6-3', 'après-midi', 10);
INSERT INTO `journee` (`idJournee`, `jour`, `demiJournee`, `idSemaine`) VALUES(88, '2020-6-4', 'matin', 10);
INSERT INTO `journee` (`idJournee`, `jour`, `demiJournee`, `idSemaine`) VALUES(89, '2020-6-4', 'après-midi', 10);
INSERT INTO `journee` (`idJournee`, `jour`, `demiJournee`, `idSemaine`) VALUES(90, '2020-6-5', 'matin', 10);
INSERT INTO `journee` (`idJournee`, `jour`, `demiJournee`, `idSemaine`) VALUES(91, '2020-6-8', 'matin', 11);
INSERT INTO `journee` (`idJournee`, `jour`, `demiJournee`, `idSemaine`) VALUES(92, '2020-6-8', 'après-midi', 11);
INSERT INTO `journee` (`idJournee`, `jour`, `demiJournee`, `idSemaine`) VALUES(93, '2020-6-9', 'matin', 11);
INSERT INTO `journee` (`idJournee`, `jour`, `demiJournee`, `idSemaine`) VALUES(94, '2020-6-9', 'après-midi', 11);

--
-- Déchargement des données de la table `offre`
--

INSERT INTO `offre` (`idOffre`, `idFormation`, `numOffre`) VALUES(1, 1, '19134');
INSERT INTO `offre` (`idOffre`, `idFormation`, `numOffre`) VALUES(2, 2, '19137');
INSERT INTO `offre` (`idOffre`, `idFormation`, `numOffre`) VALUES(3, 3, '19139');
INSERT INTO `offre` (`idOffre`, `idFormation`, `numOffre`) VALUES(4, 3, '19260');
INSERT INTO `offre` (`idOffre`, `idFormation`, `numOffre`) VALUES(5, 13, '19225');
INSERT INTO `offre` (`idOffre`, `idFormation`, `numOffre`) VALUES(6, 13, '19141');
INSERT INTO `offre` (`idOffre`, `idFormation`, `numOffre`) VALUES(7, 4, '18166');
INSERT INTO `offre` (`idOffre`, `idFormation`, `numOffre`) VALUES(8, 5, '19135');
INSERT INTO `offre` (`idOffre`, `idFormation`, `numOffre`) VALUES(9, 6, '19028');
INSERT INTO `offre` (`idOffre`, `idFormation`, `numOffre`) VALUES(10, 6, '19181');
INSERT INTO `offre` (`idOffre`, `idFormation`, `numOffre`) VALUES(11, 7, '19149');
INSERT INTO `offre` (`idOffre`, `idFormation`, `numOffre`) VALUES(12, 7, '20002');
INSERT INTO `offre` (`idOffre`, `idFormation`, `numOffre`) VALUES(13, 8, '19245');
INSERT INTO `offre` (`idOffre`, `idFormation`, `numOffre`) VALUES(14, 8, '19140');
INSERT INTO `offre` (`idOffre`, `idFormation`, `numOffre`) VALUES(15, 8, '19243');
INSERT INTO `offre` (`idOffre`, `idFormation`, `numOffre`) VALUES(16, 9, '19129');
INSERT INTO `offre` (`idOffre`, `idFormation`, `numOffre`) VALUES(17, 10, '19030');
INSERT INTO `offre` (`idOffre`, `idFormation`, `numOffre`) VALUES(18, 10, '19201');
INSERT INTO `offre` (`idOffre`, `idFormation`, `numOffre`) VALUES(19, 10, '19229');
INSERT INTO `offre` (`idOffre`, `idFormation`, `numOffre`) VALUES(20, 11, '20004');
INSERT INTO `offre` (`idOffre`, `idFormation`, `numOffre`) VALUES(21, 12, '19022');

--
-- Déchargement des données de la table `presence`
--

INSERT INTO `presence` (`idPresence`, `refPresence`, `libellePresence`) VALUES(1, 'FAD', 'Formation à distance');
INSERT INTO `presence` (`idPresence`, `refPresence`, `libellePresence`) VALUES(2, '97', 'Stagiaire dans l’impossibilité de suivre la formation à distance ');
INSERT INTO `presence` (`idPresence`, `refPresence`, `libellePresence`) VALUES(3, '99', 'Stagiaire qui ne se manifeste pas ');
INSERT INTO `presence` (`idPresence`, `refPresence`, `libellePresence`) VALUES(4, '05GE', 'Stagiaire  en garde d’enfant ');
INSERT INTO `presence` (`idPresence`, `refPresence`, `libellePresence`) VALUES(5, '05M', 'Stagiaire malade');

--
-- Déchargement des données de la table `semaine`
--

INSERT INTO `semaine` (`idSemaine`, `numSemaine`, `mois`) VALUES(1, 14, 'avril-20');
INSERT INTO `semaine` (`idSemaine`, `numSemaine`, `mois`) VALUES(2, 15, 'avril-20');
INSERT INTO `semaine` (`idSemaine`, `numSemaine`, `mois`) VALUES(3, 16, 'avril-20');
INSERT INTO `semaine` (`idSemaine`, `numSemaine`, `mois`) VALUES(4, 17, 'avril-20');
INSERT INTO `semaine` (`idSemaine`, `numSemaine`, `mois`) VALUES(5, 18, 'avril-20');
INSERT INTO `semaine` (`idSemaine`, `numSemaine`, `mois`) VALUES(6, 19, 'mai-20');
INSERT INTO `semaine` (`idSemaine`, `numSemaine`, `mois`) VALUES(7, 20, 'mai-20');
INSERT INTO `semaine` (`idSemaine`, `numSemaine`, `mois`) VALUES(8, 21, 'mai-20');
INSERT INTO `semaine` (`idSemaine`, `numSemaine`, `mois`) VALUES(9, 22, 'mai-20');
INSERT INTO `semaine` (`idSemaine`, `numSemaine`, `mois`) VALUES(10, 23, 'juin-20');
INSERT INTO `semaine` (`idSemaine`, `numSemaine`, `mois`) VALUES(11, 24, 'juin-20');
INSERT INTO `semaine` (`idSemaine`, `numSemaine`, `mois`) VALUES(12, 25, 'juin-20');
INSERT INTO `semaine` (`idSemaine`, `numSemaine`, `mois`) VALUES(13, 26, 'juin-20');
INSERT INTO `semaine` (`idSemaine`, `numSemaine`, `mois`) VALUES(14, 27, 'juillet-20');
INSERT INTO `semaine` (`idSemaine`, `numSemaine`, `mois`) VALUES(15, 28, 'juillet-20');
INSERT INTO `semaine` (`idSemaine`, `numSemaine`, `mois`) VALUES(16, 29, 'juillet-20');
INSERT INTO `semaine` (`idSemaine`, `numSemaine`, `mois`) VALUES(17, 30, 'juillet-20');
INSERT INTO `semaine` (`idSemaine`, `numSemaine`, `mois`) VALUES(18, 31, 'juillet-20');

--
-- Déchargement des données de la table `stagiaire`
--

INSERT INTO `stagiaire` (`idStagiaire`, `nom`, `prenom`, `motDePasse`, `numBenef`, `idOffre`, `role`) VALUES(1, 'AMICHI', 'NABIL', 'ab62689870c31bb2443bfe3f49391413', '19124666', 1, 1);
INSERT INTO `stagiaire` (`idStagiaire`, `nom`, `prenom`, `motDePasse`, `numBenef`, `idOffre`, `role`) VALUES(2, 'BEN MARZOUK', 'YOUSRA', 'ceef6533e9461dfde2908ea7dd887d4f', '19124625', 1, 1);
INSERT INTO `stagiaire` (`idStagiaire`, `nom`, `prenom`, `motDePasse`, `numBenef`, `idOffre`, `role`) VALUES(3, 'COLIN', 'MATHYS', 'abbcc033ba7989ce9195cb6f6cc67b8c', '19125649', 1, 1);
INSERT INTO `stagiaire` (`idStagiaire`, `nom`, `prenom`, `motDePasse`, `numBenef`, `idOffre`, `role`) VALUES(4, 'DELEFORGE', 'NICOLAS', '4d84d31fb00b624d9fb6fca99de73b90', '18056502', 1, 1);
INSERT INTO `stagiaire` (`idStagiaire`, `nom`, `prenom`, `motDePasse`, `numBenef`, `idOffre`, `role`) VALUES(5, 'DOMAIN', 'LOIC', '520bb38c0ef6406487f075b5fe82fa7a', '19124694', 1, 1);
INSERT INTO `stagiaire` (`idStagiaire`, `nom`, `prenom`, `motDePasse`, `numBenef`, `idOffre`, `role`) VALUES(6, 'FONTAINE', 'BENJAMIN', '5f56777b7eac2a47885ce29d4de74d00', '19124703', 1, 1);
INSERT INTO `stagiaire` (`idStagiaire`, `nom`, `prenom`, `motDePasse`, `numBenef`, `idOffre`, `role`) VALUES(7, 'MAES', 'JASON', '54c637f30806ea898805cf9c69f27482', '19124617', 1, 1);
INSERT INTO `stagiaire` (`idStagiaire`, `nom`, `prenom`, `motDePasse`, `numBenef`, `idOffre`, `role`) VALUES(8, 'MAQUINGHEN', 'MEDERIC', '1829d5324c910594272404e39ad76811', '19126052', 1, 1);
INSERT INTO `stagiaire` (`idStagiaire`, `nom`, `prenom`, `motDePasse`, `numBenef`, `idOffre`, `role`) VALUES(9, 'MONTIEL', 'NATHANAEL', '7c5bffebbe2401dc8be9be5993d956d2', '19124671', 1, 1);
INSERT INTO `stagiaire` (`idStagiaire`, `nom`, `prenom`, `motDePasse`, `numBenef`, `idOffre`, `role`) VALUES(10, 'POSON', 'ALAN', 'd321113177e13112fe48791a612076ac', '19124605', 1, 1);
INSERT INTO `stagiaire` (`idStagiaire`, `nom`, `prenom`, `motDePasse`, `numBenef`, `idOffre`, `role`) VALUES(11, 'PUHETINI', 'MAXENCE', '1d064c17c06fbe65db0e713c932e2671', '19126179', 1, 1);
INSERT INTO `stagiaire` (`idStagiaire`, `nom`, `prenom`, `motDePasse`, `numBenef`, `idOffre`, `role`) VALUES(12, 'SAHIN', 'VESSILYA', '59a61b62468ce0c3287d24664b2411aa', '19124701', 1, 1);
INSERT INTO `stagiaire` (`idStagiaire`, `nom`, `prenom`, `motDePasse`, `numBenef`, `idOffre`, `role`) VALUES(13, 'VERAGHE', 'ALISON', '7b75f730e050799d7f2013d6c313fd79', '17068850', 1, 1);
INSERT INTO `stagiaire` (`idStagiaire`, `nom`, `prenom`, `motDePasse`, `numBenef`, `idOffre`, `role`) VALUES(14, 'WILLIART', 'BAPTISTE', 'f2c06529bf692b28bf1e02015fc3b0e0', '19124708', 1, 1);
INSERT INTO `stagiaire` (`idStagiaire`, `nom`, `prenom`, `motDePasse`, `numBenef`, `idOffre`, `role`) VALUES(15, 'ALLEBEE', 'SEBASTIEN', 'e7ca20bd00be256136fc5157e55d261d', '19130587', 5, 1);
INSERT INTO `stagiaire` (`idStagiaire`, `nom`, `prenom`, `motDePasse`, `numBenef`, `idOffre`, `role`) VALUES(16, 'BOUSSALIA', 'ZOHEIR', 'c07ca96799a281e3216206881e7b4a8e', '16146185', 5, 1);
INSERT INTO `stagiaire` (`idStagiaire`, `nom`, `prenom`, `motDePasse`, `numBenef`, `idOffre`, `role`) VALUES(17, 'DUTILLY', 'CEDRIC', '7e73f583a5f0ad28ae3e836ecf4a5cf1', '19130261', 5, 1);

